[
{
    "model": "pos.ingredient",
    "pk": 1,
    "fields": {
        "name": "Ost",
        "price": 5,
        "stock": 100
    }
},
{
    "model": "pos.ingredient",
    "pk": 2,
    "fields": {
        "name": "Bacon",
        "price": 5,
        "stock": 100
    }
},
{
    "model": "pos.ingredient",
    "pk": 4,
    "fields": {
        "name": "Ost og Skinke",
        "price": 0,
        "stock": 0
    }
},
{
    "model": "pos.ingredient",
    "pk": 5,
    "fields": {
        "name": "Kylling",
        "price": 0,
        "stock": 0
    }
},
{
    "model": "pos.ingredient",
    "pk": 6,
    "fields": {
        "name": "Roastbiff",
        "price": 0,
        "stock": 0
    }
},
{
    "model": "pos.ingredient",
    "pk": 7,
    "fields": {
        "name": "L\u00f8k",
        "price": 0,
        "stock": 0
    }
},
{
    "model": "pos.ingredient",
    "pk": 8,
    "fields": {
        "name": "Tomat",
        "price": 0,
        "stock": 0
    }
},
{
    "model": "pos.ingredient",
    "pk": 9,
    "fields": {
        "name": "Salat",
        "price": 0,
        "stock": 0
    }
},
{
    "model": "pos.ingredient",
    "pk": 10,
    "fields": {
        "name": "Mais",
        "price": 0,
        "stock": 0
    }
},
{
    "model": "pos.ingredient",
    "pk": 11,
    "fields": {
        "name": "Dressing",
        "price": 0,
        "stock": 0
    }
},
{
    "model": "pos.category",
    "pk": 3,
    "fields": {
        "name": "Drikke"
    }
},
{
    "model": "pos.category",
    "pk": 4,
    "fields": {
        "name": "Hamburger"
    }
},
{
    "model": "pos.category",
    "pk": 5,
    "fields": {
        "name": "Bagett"
    }
},
{
    "model": "pos.category",
    "pk": 6,
    "fields": {
        "name": "Sjokolade"
    }
},
{
    "model": "pos.category",
    "pk": 7,
    "fields": {
        "name": "Godis"
    }
},
{
    "model": "pos.category",
    "pk": 8,
    "fields": {
        "name": "Annen mat"
    }
},
{
    "model": "pos.category",
    "pk": 9,
    "fields": {
        "name": "Pizza"
    }
},
{
    "model": "pos.category",
    "pk": 10,
    "fields": {
        "name": "Rabatt"
    }
},
{
    "model": "pos.item",
    "pk": 8,
    "fields": {
        "name": "Freia melkesjokolade",
        "price": 20,
        "stock": 0,
        "barcode": "1",
        "active": true,
        "image": "eventyr.png",
        "category": 6,
        "created_in_the_kitchen": false
    }
},
{
    "model": "pos.item",
    "pk": 9,
    "fields": {
        "name": "Kvikk lunsj",
        "price": 20,
        "stock": 0,
        "barcode": "1",
        "active": true,
        "image": "kvikklunsj.jpg",
        "category": 6,
        "created_in_the_kitchen": false
    }
},
{
    "model": "pos.item",
    "pk": 10,
    "fields": {
        "name": "Lion",
        "price": 15,
        "stock": 0,
        "barcode": "1",
        "active": true,
        "image": "lion.jpg",
        "category": 6,
        "created_in_the_kitchen": false
    }
},
{
    "model": "pos.item",
    "pk": 11,
    "fields": {
        "name": "Twix",
        "price": 15,
        "stock": 0,
        "barcode": "1",
        "active": true,
        "image": "twix-miniature-candy-bars-127148-im.jpg",
        "category": 6,
        "created_in_the_kitchen": false
    }
},
{
    "model": "pos.item",
    "pk": 12,
    "fields": {
        "name": "Snickers mini",
        "price": 15,
        "stock": 0,
        "barcode": "1",
        "active": true,
        "image": "snickers-bar-48-count_2926763.jpg",
        "category": 6,
        "created_in_the_kitchen": false
    }
},
{
    "model": "pos.item",
    "pk": 13,
    "fields": {
        "name": "Kinder bueno mini",
        "price": 15,
        "stock": 0,
        "barcode": "1",
        "active": true,
        "image": "kinder.jpg",
        "category": 6,
        "created_in_the_kitchen": false
    }
},
{
    "model": "pos.item",
    "pk": 14,
    "fields": {
        "name": "Milkyway mini",
        "price": 15,
        "stock": 0,
        "barcode": "1",
        "active": true,
        "image": "mars-milky-way-minis-bag-500x500.jpg",
        "category": 6,
        "created_in_the_kitchen": false
    }
},
{
    "model": "pos.item",
    "pk": 16,
    "fields": {
        "name": "Rustica Pepperoni",
        "price": 50,
        "stock": 0,
        "barcode": "1",
        "active": true,
        "image": "rustica-pepperoni-calabrese-1png.png",
        "category": 9,
        "created_in_the_kitchen": true
    }
},
{
    "model": "pos.item",
    "pk": 17,
    "fields": {
        "name": "Rustica Meat Supreme",
        "price": 50,
        "stock": 0,
        "barcode": "1",
        "active": true,
        "image": "2-25-000605-002rusticameatsupremepackshot3d72ppipng.png",
        "category": 9,
        "created_in_the_kitchen": true
    }
},
{
    "model": "pos.item",
    "pk": 18,
    "fields": {
        "name": "Rustica 4 Cheese",
        "price": 50,
        "stock": 0,
        "barcode": "1",
        "active": true,
        "image": "rustica-4cheese.png",
        "category": 9,
        "created_in_the_kitchen": true
    }
},
{
    "model": "pos.item",
    "pk": 19,
    "fields": {
        "name": "Hamburger",
        "price": 75,
        "stock": 0,
        "barcode": "1",
        "active": true,
        "image": "burger.jpg",
        "category": 4,
        "created_in_the_kitchen": true
    }
},
{
    "model": "pos.item",
    "pk": 20,
    "fields": {
        "name": "Dobbel hamburger",
        "price": 100,
        "stock": 0,
        "barcode": "1",
        "active": true,
        "image": "burger_Z5qwosF.jpg",
        "category": 4,
        "created_in_the_kitchen": true
    }
},
{
    "model": "pos.item",
    "pk": 21,
    "fields": {
        "name": "Kyllingburger",
        "price": 75,
        "stock": 0,
        "barcode": "1",
        "active": true,
        "image": "burger_tsnu4IP.jpg",
        "category": 4,
        "created_in_the_kitchen": true
    }
},
{
    "model": "pos.item",
    "pk": 22,
    "fields": {
        "name": "Bagett grov",
        "price": 50,
        "stock": 0,
        "barcode": "1",
        "active": true,
        "image": "baguette_qpyKyaj.jpg",
        "category": 5,
        "created_in_the_kitchen": true
    }
},
{
    "model": "pos.item",
    "pk": 23,
    "fields": {
        "name": "Bagett fin",
        "price": 50,
        "stock": 0,
        "barcode": "1",
        "active": true,
        "image": "baguette.jpg",
        "category": 5,
        "created_in_the_kitchen": true
    }
},
{
    "model": "pos.item",
    "pk": 24,
    "fields": {
        "name": "Toast fin",
        "price": 20,
        "stock": 0,
        "barcode": "1",
        "active": true,
        "image": "toast.jpg",
        "category": 8,
        "created_in_the_kitchen": true
    }
},
{
    "model": "pos.item",
    "pk": 25,
    "fields": {
        "name": "Toast grov",
        "price": 15,
        "stock": 0,
        "barcode": "1",
        "active": true,
        "image": "toast_8uYKqD0.jpg",
        "category": 8,
        "created_in_the_kitchen": true
    }
},
{
    "model": "pos.item",
    "pk": 26,
    "fields": {
        "name": "Mentos",
        "price": 10,
        "stock": 0,
        "barcode": "1",
        "active": true,
        "image": "mentos.jpg",
        "category": 7,
        "created_in_the_kitchen": false
    }
},
{
    "model": "pos.item",
    "pk": 27,
    "fields": {
        "name": "Kj\u00e6rlighet p\u00e5 pinne",
        "price": 5,
        "stock": 0,
        "barcode": "1",
        "active": true,
        "image": "tootsie-pop-matshop.no3.jpg",
        "category": 7,
        "created_in_the_kitchen": false
    }
},
{
    "model": "pos.item",
    "pk": 28,
    "fields": {
        "name": "Love Hearts",
        "price": 10,
        "stock": 0,
        "barcode": "1",
        "active": true,
        "image": "WEB_Image_Love_Hearts_Giant_-_Stor_Rull_-_40g_1217317677.Jpeg",
        "category": 7,
        "created_in_the_kitchen": false
    }
},
{
    "model": "pos.item",
    "pk": 29,
    "fields": {
        "name": "Drumstick",
        "price": 10,
        "stock": 0,
        "barcode": "1",
        "active": true,
        "image": "drumstick.jpg",
        "category": 7,
        "created_in_the_kitchen": false
    }
},
{
    "model": "pos.item",
    "pk": 30,
    "fields": {
        "name": "Popcorn",
        "price": 15,
        "stock": 0,
        "barcode": "1",
        "active": true,
        "image": "50movietheaterpopcornboxwithopentop.jpg",
        "category": 7,
        "created_in_the_kitchen": false
    }
},
{
    "model": "pos.item",
    "pk": 31,
    "fields": {
        "name": "Pringles Original",
        "price": 20,
        "stock": 0,
        "barcode": "1",
        "active": true,
        "image": "pringles-original-potato-crisps-4-41-oz_5521310.jpg",
        "category": 7,
        "created_in_the_kitchen": false
    }
},
{
    "model": "pos.item",
    "pk": 32,
    "fields": {
        "name": "Muffins",
        "price": 15,
        "stock": 0,
        "barcode": "1",
        "active": true,
        "image": "muffins.jpg",
        "category": 7,
        "created_in_the_kitchen": false
    }
},
{
    "model": "pos.item",
    "pk": 33,
    "fields": {
        "name": "Coca Cola",
        "price": 10,
        "stock": 0,
        "barcode": "1",
        "active": true,
        "image": "coca-cola-can__56873_thumb.jpg",
        "category": 3,
        "created_in_the_kitchen": false
    }
},
{
    "model": "pos.item",
    "pk": 34,
    "fields": {
        "name": "Pepsi Max",
        "price": 10,
        "stock": 0,
        "barcode": "1",
        "active": true,
        "image": "Pepsi_Max_.jpg",
        "category": 3,
        "created_in_the_kitchen": false
    }
},
{
    "model": "pos.item",
    "pk": 35,
    "fields": {
        "name": "Zingo",
        "price": 10,
        "stock": 0,
        "barcode": "1",
        "active": true,
        "image": "d09ed07471aebf68b0b943e7b79b3234.jpg",
        "category": 3,
        "created_in_the_kitchen": false
    }
},
{
    "model": "pos.item",
    "pk": 36,
    "fields": {
        "name": "Red Bull",
        "price": 20,
        "stock": 0,
        "barcode": "1",
        "active": true,
        "image": "redbull.jpg",
        "category": 3,
        "created_in_the_kitchen": false
    }
},
{
    "model": "pos.item",
    "pk": 37,
    "fields": {
        "name": "Sprite",
        "price": 10,
        "stock": 0,
        "barcode": "1",
        "active": true,
        "image": "Sprite_Can_375ml_1_grande.png",
        "category": 3,
        "created_in_the_kitchen": false
    }
},
{
    "model": "pos.item",
    "pk": 38,
    "fields": {
        "name": "2 brus",
        "price": -5,
        "stock": 0,
        "barcode": "1",
        "active": true,
        "image": "",
        "category": 10,
        "created_in_the_kitchen": false
    }
},
{
    "model": "pos.item",
    "pk": 39,
    "fields": {
        "name": "Fanta",
        "price": 10,
        "stock": 0,
        "barcode": "1",
        "active": true,
        "image": "fanta.jpg",
        "category": 3,
        "created_in_the_kitchen": false
    }
},
{
    "model": "pos.itemingredient",
    "pk": 4,
    "fields": {
        "item": 23,
        "ingredient": 4,
        "default": false
    }
},
{
    "model": "pos.itemingredient",
    "pk": 5,
    "fields": {
        "item": 23,
        "ingredient": 5,
        "default": false
    }
},
{
    "model": "pos.itemingredient",
    "pk": 6,
    "fields": {
        "item": 23,
        "ingredient": 6,
        "default": false
    }
},
{
    "model": "pos.itemingredient",
    "pk": 7,
    "fields": {
        "item": 22,
        "ingredient": 4,
        "default": false
    }
},
{
    "model": "pos.itemingredient",
    "pk": 8,
    "fields": {
        "item": 22,
        "ingredient": 5,
        "default": false
    }
},
{
    "model": "pos.itemingredient",
    "pk": 9,
    "fields": {
        "item": 22,
        "ingredient": 6,
        "default": false
    }
},
{
    "model": "pos.itemingredient",
    "pk": 10,
    "fields": {
        "item": 19,
        "ingredient": 1,
        "default": false
    }
},
{
    "model": "pos.itemingredient",
    "pk": 11,
    "fields": {
        "item": 19,
        "ingredient": 2,
        "default": false
    }
},
{
    "model": "pos.itemingredient",
    "pk": 12,
    "fields": {
        "item": 20,
        "ingredient": 1,
        "default": false
    }
},
{
    "model": "pos.itemingredient",
    "pk": 13,
    "fields": {
        "item": 20,
        "ingredient": 2,
        "default": false
    }
},
{
    "model": "pos.itemingredient",
    "pk": 14,
    "fields": {
        "item": 21,
        "ingredient": 1,
        "default": false
    }
},
{
    "model": "pos.itemingredient",
    "pk": 15,
    "fields": {
        "item": 21,
        "ingredient": 2,
        "default": false
    }
},
{
    "model": "pos.itemingredient",
    "pk": 16,
    "fields": {
        "item": 19,
        "ingredient": 7,
        "default": true
    }
},
{
    "model": "pos.itemingredient",
    "pk": 17,
    "fields": {
        "item": 19,
        "ingredient": 8,
        "default": true
    }
},
{
    "model": "pos.itemingredient",
    "pk": 18,
    "fields": {
        "item": 19,
        "ingredient": 9,
        "default": true
    }
},
{
    "model": "pos.itemingredient",
    "pk": 19,
    "fields": {
        "item": 19,
        "ingredient": 10,
        "default": true
    }
},
{
    "model": "pos.itemingredient",
    "pk": 20,
    "fields": {
        "item": 19,
        "ingredient": 11,
        "default": true
    }
},
{
    "model": "pos.itemingredient",
    "pk": 21,
    "fields": {
        "item": 24,
        "ingredient": 4,
        "default": false
    }
},
{
    "model": "pos.itemingredient",
    "pk": 22,
    "fields": {
        "item": 25,
        "ingredient": 4,
        "default": false
    }
},
{
    "model": "pos.itemingredient",
    "pk": 23,
    "fields": {
        "item": 24,
        "ingredient": 5,
        "default": false
    }
},
{
    "model": "pos.itemingredient",
    "pk": 24,
    "fields": {
        "item": 25,
        "ingredient": 5,
        "default": false
    }
},
{
    "model": "pos.itemingredient",
    "pk": 25,
    "fields": {
        "item": 20,
        "ingredient": 7,
        "default": true
    }
},
{
    "model": "pos.itemingredient",
    "pk": 26,
    "fields": {
        "item": 20,
        "ingredient": 8,
        "default": true
    }
},
{
    "model": "pos.itemingredient",
    "pk": 27,
    "fields": {
        "item": 20,
        "ingredient": 9,
        "default": true
    }
},
{
    "model": "pos.itemingredient",
    "pk": 28,
    "fields": {
        "item": 20,
        "ingredient": 10,
        "default": true
    }
},
{
    "model": "pos.itemingredient",
    "pk": 29,
    "fields": {
        "item": 20,
        "ingredient": 11,
        "default": true
    }
},
{
    "model": "pos.itemingredient",
    "pk": 30,
    "fields": {
        "item": 21,
        "ingredient": 7,
        "default": true
    }
},
{
    "model": "pos.itemingredient",
    "pk": 31,
    "fields": {
        "item": 21,
        "ingredient": 8,
        "default": true
    }
},
{
    "model": "pos.itemingredient",
    "pk": 32,
    "fields": {
        "item": 21,
        "ingredient": 9,
        "default": true
    }
},
{
    "model": "pos.itemingredient",
    "pk": 33,
    "fields": {
        "item": 21,
        "ingredient": 10,
        "default": true
    }
},
{
    "model": "pos.itemingredient",
    "pk": 34,
    "fields": {
        "item": 21,
        "ingredient": 11,
        "default": true
    }
}
]
